<?xml version="1.0" encoding="utf-8"?>
<odoo>

    <record model="ir.module.category" id="module_category_employee_request">
        <field name="name">Employee Position Request</field>
        <field name="description">Employees Request Position</field>
        <field name="sequence">45</field>
    </record>

    <record id="group_requester" model="res.groups">
        <field name="name">Requester</field>
        <field name="category_id" ref="module_category_employee_request" />
    </record>

    <record id="group_request_hr_approval" model="res.groups">
        <field name="name">Hr Approval</field>
        <field name="category_id" ref="module_category_employee_request" />
    </record>

    <record id="group_request_manager_approval" model="res.groups">
        <field name="name">Managerial Approval</field>
        <field name="category_id" ref="module_category_employee_request" />
         <field name="implied_ids" eval="[(4, ref('group_request_hr_approval'))]"/>
    </record>

    <data noupdate="1">

    <record id="employee_request_personal_rule" model="ir.rule">
        <field name="name">Request Personal Rule</field>
        <field ref="model_hr_employee_position_request" name="model_id"/>
        <field name="domain_force">[('employee_id.user_id','=',user.id)]</field>
        <field name="groups" eval="[(4, ref('hr_request_position.group_requester'))]"/>
    </record> 

    <record id="employee_request_manager_rule" model="ir.rule">
        <field name="name">Request Manager Rule</field>
        <field ref="model_hr_employee_position_request" name="model_id"/>
        <field name="domain_force">['|',('employee_id.user_id','=',user.id),('employee_id.parent_id.user_id','=',user.id), ('state','!=', 'draft')]</field>
        <field name="groups" eval="[(4, ref('hr_request_position.group_request_hr_approval'))]"/>
    </record>

    <record id="employee_request_hr_rule" model="ir.rule">
        <field name="name">Request Hr Rule</field>
        <field ref="model_hr_employee_position_request" name="model_id"/>
        <field name="domain_force">[('state','not in',['draft','in_progress'])]</field>
        <field name="groups" eval="[(4, ref('hr_request_position.group_request_hr_approval'))]"/>
    </record>

    </data>

</odoo>
